{
  "project_info": {
    "project_number": "1017761819048",
    "firebase_url": "https://hackathon-25b9b.firebaseio.com",
    "project_id": "hackathon-25b9b",
    "storage_bucket": "hackathon-25b9b.appspot.com"
  },
  "client": [
    {
      "client_info": {
        "mobilesdk_app_id": "1:1017761819048:android:2011a49b9cc6cbce",
        "android_client_info": {
          "package_name": "com.vaibhav.hackathon"
        }
      },
      "oauth_client": [
        {
          "client_id": "1017761819048-lnqjafrmeqkck0q55mfjfh97f5aor5aa.apps.googleusercontent.com",
          "client_type": 3
        }
      ],
      "api_key": [
        {
          "current_key": "AIzaSyDOwn3IDNPj_LNKvcjUvzc1S3T53nwU9gQ"
        }
      ],
      "services": {
        "analytics_service": {
          "status": 1
        },
        "appinvite_service": {
          "status": 1,
          "other_platform_oauth_client": []
        },
        "ads_service": {
          "status": 2
        }
      }
    }
  ],
  "configuration_version": "1"
}